-- User Data (10 records)
INSERT IGNORE INTO user (id, username, password, role, is_active) VALUES 
(1, 'admin', '$2a$10$N.zmdr9k7uOCQb376NoUnutj8iAt6ValmpBkMSghuEvP/N0k2a8P.', 'admin', true),
(2, 'user1', '$2a$10$N.zmdr9k7uOCQb376NoUnutj8iAt6ValmpBkMSghuEvP/N0k2a8P.', 'user', true),
(3, 'user2', '$2a$10$N.zmdr9k7uOCQb376NoUnutj8iAt6ValmpBkMSghuEvP/N0k2a8P.', 'user', true),
(4, 'user3', '$2a$10$N.zmdr9k7uOCQb376NoUnutj8iAt6ValmpBkMSghuEvP/N0k2a8P.', 'user', true),
(5, 'user4', '$2a$10$N.zmdr9k7uOCQb376NoUnutj8iAt6ValmpBkMSghuEvP/N0k2a8P.', 'user', true),
(6, 'user5', '$2a$10$N.zmdr9k7uOCQb376NoUnutj8iAt6ValmpBkMSghuEvP/N0k2a8P.', 'user', true),
(7, 'user6', '$2a$10$N.zmdr9k7uOCQb376NoUnutj8iAt6ValmpBkMSghuEvP/N0k2a8P.', 'user', true),
(8, 'user7', '$2a$10$N.zmdr9k7uOCQb376NoUnutj8iAt6ValmpBkMSghuEvP/N0k2a8P.', 'user', true),
(9, 'user8', '$2a$10$N.zmdr9k7uOCQb376NoUnutj8iAt6ValmpBkMSghuEvP/N0k2a8P.', 'user', true),
(10, 'user9', '$2a$10$N.zmdr9k7uOCQb376NoUnutj8iAt6ValmpBkMSghuEvP/N0k2a8P.', 'user', true);

-- Media Data (30 records)
INSERT IGNORE INTO media (id, user_id, name, type, domain, category, status, created_at) VALUES 
(1, 1, 'Tech Blog', 'Web', 'techblog.com', 'Technology', 'APPROVED', NOW()),
(2, 1, 'News Portal', 'Web', 'newsportal.com', 'News', 'APPROVED', NOW()),
(3, 2, 'Gaming Hub', 'App', 'gaminghub.com', 'Gaming', 'APPROVED', NOW()),
(4, 2, 'Fitness Daily', 'Web', 'fitnessdaily.com', 'Health', 'APPROVED', NOW()),
(5, 3, 'Travel Guide', 'Web', 'travelguide.com', 'Travel', 'APPROVED', NOW()),
(6, 3, 'Cooking 101', 'App', 'cooking101.com', 'Lifestyle', 'APPROVED', NOW()),
(7, 4, 'Crypto News', 'Web', 'cryptonews.com', 'Finance', 'APPROVED', NOW()),
(8, 4, 'Auto World', 'Web', 'autoworld.com', 'Automotive', 'APPROVED', NOW()),
(9, 5, 'Fashion Week', 'Web', 'fashionweek.com', 'Fashion', 'APPROVED', NOW()),
(10, 5, 'Movie Reviews', 'App', 'moviereviews.com', 'Entertainment', 'APPROVED', NOW()),
(11, 6, 'Edu Center', 'Web', 'educenter.com', 'Education', 'APPROVED', NOW()),
(12, 6, 'Pet Lovers', 'Web', 'petlovers.com', 'Lifestyle', 'APPROVED', NOW()),
(13, 7, 'Sports Live', 'Web', 'sportslive.com', 'Sports', 'APPROVED', NOW()),
(14, 7, 'Music Box', 'App', 'musicbox.com', 'Music', 'APPROVED', NOW()),
(15, 8, 'DIY Crafts', 'Web', 'diycrafts.com', 'Hobbies', 'APPROVED', NOW()),
(16, 8, 'Home Decor', 'Web', 'homedecor.com', 'Lifestyle', 'APPROVED', NOW()),
(17, 9, 'Gadget Zone', 'Web', 'gadgetzone.com', 'Technology', 'APPROVED', NOW()),
(18, 9, 'History Buff', 'Web', 'historybuff.com', 'Education', 'APPROVED', NOW()),
(19, 10, 'Science Today', 'Web', 'sciencetoday.com', 'Science', 'APPROVED', NOW()),
(20, 10, 'Art Gallery', 'Web', 'artgallery.com', 'Art', 'APPROVED', NOW()),
(21, 1, 'Local News', 'Web', 'localnews.com', 'News', 'APPROVED', NOW()),
(22, 2, 'Dev Community', 'Web', 'devcommunity.io', 'Technology', 'APPROVED', NOW()),
(23, 3, 'Healthy Eats', 'App', 'healthyeats.com', 'Health', 'APPROVED', NOW()),
(24, 4, 'Smart Home', 'Web', 'smarthome.com', 'Technology', 'APPROVED', NOW()),
(25, 5, 'Finance Tips', 'Web', 'financetips.com', 'Finance', 'APPROVED', NOW()),
(26, 6, 'Study Hard', 'Web', 'studyhard.edu', 'Education', 'APPROVED', NOW()),
(27, 7, 'Soccer Pro', 'App', 'soccerpro.com', 'Sports', 'APPROVED', NOW()),
(28, 8, 'Nature Photos', 'Web', 'naturephotos.com', 'Art', 'APPROVED', NOW()),
(29, 9, 'Travel Vlogs', 'Web', 'travelvlogs.com', 'Travel', 'APPROVED', NOW()),
(30, 10, 'Tech Reviews', 'App', 'techreviews.com', 'Technology', 'APPROVED', NOW());

-- Code Slot Data (30 records)
INSERT IGNORE INTO code_slot (id, user_id, media_id, name, type, terminal, display_type, ad_type, ad_form, ratio, status, created_at) VALUES
(1, 1, 1, 'Tech Blog Header', 'Banner', 'PC', 'Fixed', 'Feed', 'NativeThumb', 6, 'ACTIVE', NOW()),
(2, 1, 1, 'Tech Blog Sidebar', 'Banner', 'PC', 'Fixed', 'ImageText', 'NativeText', 8, 'ACTIVE', NOW()),
(3, 1, 2, 'News Portal Top', 'Banner', 'PC', 'Float', 'Search', 'NativeThumb', 6, 'ACTIVE', NOW()),
(4, 2, 3, 'Gaming Hub Intro', 'Interstitial', 'App', 'Interstitial', 'Feed', 'NativeBig', 10, 'ACTIVE', NOW()),
(5, 2, 3, 'Gaming Hub Level', 'Native', 'App', 'Fixed', 'ImageText', 'NativeText', 6, 'ACTIVE', NOW()),
(6, 2, 4, 'Fitness Header', 'Banner', 'Mobile', 'Fixed', 'Feed', 'NativeThumb', 6, 'ACTIVE', NOW()),
(7, 3, 5, 'Travel Sidebar', 'Banner', 'PC', 'Fixed', 'Search', 'NativeThumb', 8, 'ACTIVE', NOW()),
(8, 3, 5, 'Travel Content', 'Native', 'PC', 'Fixed', 'Feed', 'NativeThree', 6, 'ACTIVE', NOW()),
(9, 3, 6, 'Cooking Intro', 'Interstitial', 'App', 'Interstitial', 'Feed', 'NativeBig', 10, 'ACTIVE', NOW()),
(10, 4, 7, 'Crypto Ticker', 'Banner', 'PC', 'Float', 'Feed', 'NativeText', 4, 'ACTIVE', NOW()),
(11, 4, 8, 'Auto Banner', 'Banner', 'PC', 'Fixed', 'ImageText', 'NativeBig', 6, 'ACTIVE', NOW()),
(12, 5, 9, 'Fashion Side', 'Banner', 'Mobile', 'Fixed', 'Search', 'NativeThumb', 8, 'ACTIVE', NOW()),
(13, 5, 10, 'Movie Intro', 'Interstitial', 'App', 'Interstitial', 'Feed', 'NativeBig', 10, 'ACTIVE', NOW()),
(14, 6, 11, 'Edu Banner', 'Banner', 'PC', 'Fixed', 'Feed', 'NativeThumb', 6, 'ACTIVE', NOW()),
(15, 6, 12, 'Pet Sidebar', 'Banner', 'PC', 'Fixed', 'ImageText', 'NativeText', 8, 'ACTIVE', NOW()),
(16, 7, 13, 'Sports Top', 'Banner', 'Mobile', 'Fixed', 'Feed', 'NativeThumb', 5, 'ACTIVE', NOW()),
(17, 7, 14, 'Music Intro', 'Interstitial', 'App', 'Interstitial', 'Feed', 'NativeBig', 10, 'ACTIVE', NOW()),
(18, 8, 15, 'DIY Footer', 'Banner', 'PC', 'Fixed', 'Search', 'NativeThumb', 6, 'ACTIVE', NOW()),
(19, 8, 16, 'Home Header', 'Banner', 'Mobile', 'Fixed', 'Feed', 'NativeThumb', 5, 'ACTIVE', NOW()),
(20, 9, 17, 'Gadget Sidebar', 'Banner', 'PC', 'Fixed', 'Feed', 'NativeThumb', 8, 'ACTIVE', NOW()),
(21, 9, 18, 'History Banner', 'Banner', 'PC', 'Fixed', 'Search', 'NativeThumb', 6, 'ACTIVE', NOW()),
(22, 10, 19, 'Science Top', 'Banner', 'PC', 'Fixed', 'Feed', 'NativeThumb', 6, 'ACTIVE', NOW()),
(23, 10, 20, 'Art Gallery Side', 'Banner', 'Mobile', 'Fixed', 'ImageText', 'NativeText', 8, 'ACTIVE', NOW()),
(24, 1, 21, 'Local News Footer', 'Banner', 'PC', 'Fixed', 'Feed', 'NativeThumb', 6, 'ACTIVE', NOW()),
(25, 2, 22, 'Dev Hub Side', 'Banner', 'PC', 'Fixed', 'Search', 'NativeThumb', 8, 'ACTIVE', NOW()),
(26, 3, 23, 'Healthy Eats Intro', 'Interstitial', 'App', 'Interstitial', 'Feed', 'NativeBig', 10, 'ACTIVE', NOW()),
(27, 4, 24, 'Smart Home Top', 'Banner', 'PC', 'Fixed', 'Feed', 'NativeThumb', 6, 'ACTIVE', NOW()),
(28, 5, 25, 'Finance Side', 'Banner', 'PC', 'Fixed', 'Search', 'NativeThumb', 8, 'ACTIVE', NOW()),
(29, 6, 26, 'Study Hard Banner', 'Banner', 'PC', 'Fixed', 'Feed', 'NativeThumb', 6, 'ACTIVE', NOW()),
(30, 7, 27, 'Soccer Pro Intro', 'Interstitial', 'App', 'Interstitial', 'Feed', 'NativeBig', 10, 'ACTIVE', NOW());

-- Stats Data (50 records - spread over last 30 days)
INSERT IGNORE INTO stats (user_id, media_id, code_slot_id, date, impressions, clicks, revenue) VALUES
(1, 1, 1, DATE_SUB(CURDATE(), INTERVAL 1 DAY), 1000, 50, 25.50),
(1, 1, 2, DATE_SUB(CURDATE(), INTERVAL 1 DAY), 800, 30, 15.20),
(1, 2, 3, DATE_SUB(CURDATE(), INTERVAL 1 DAY), 1200, 60, 30.00),
(2, 3, 4, DATE_SUB(CURDATE(), INTERVAL 2 DAY), 2000, 150, 80.50),
(2, 3, 5, DATE_SUB(CURDATE(), INTERVAL 2 DAY), 1500, 80, 45.00),
(2, 4, 6, DATE_SUB(CURDATE(), INTERVAL 3 DAY), 600, 25, 12.50),
(3, 5, 7, DATE_SUB(CURDATE(), INTERVAL 3 DAY), 900, 40, 22.00),
(3, 5, 8, DATE_SUB(CURDATE(), INTERVAL 3 DAY), 1100, 55, 28.50),
(3, 6, 9, DATE_SUB(CURDATE(), INTERVAL 4 DAY), 1800, 120, 65.00),
(4, 7, 10, DATE_SUB(CURDATE(), INTERVAL 4 DAY), 700, 35, 18.00),
(4, 8, 11, DATE_SUB(CURDATE(), INTERVAL 5 DAY), 1300, 70, 38.00),
(5, 9, 12, DATE_SUB(CURDATE(), INTERVAL 5 DAY), 400, 15, 8.00),
(5, 10, 13, DATE_SUB(CURDATE(), INTERVAL 6 DAY), 2200, 180, 95.00),
(6, 11, 14, DATE_SUB(CURDATE(), INTERVAL 6 DAY), 300, 10, 5.00),
(6, 12, 15, DATE_SUB(CURDATE(), INTERVAL 7 DAY), 850, 45, 24.00),
(7, 13, 16, DATE_SUB(CURDATE(), INTERVAL 7 DAY), 950, 50, 26.50),
(7, 14, 17, DATE_SUB(CURDATE(), INTERVAL 8 DAY), 1900, 140, 75.00),
(8, 15, 18, DATE_SUB(CURDATE(), INTERVAL 8 DAY), 750, 38, 20.00),
(8, 16, 19, DATE_SUB(CURDATE(), INTERVAL 9 DAY), 550, 22, 11.50),
(9, 17, 20, DATE_SUB(CURDATE(), INTERVAL 9 DAY), 1100, 55, 27.00),
(9, 18, 21, DATE_SUB(CURDATE(), INTERVAL 10 DAY), 850, 35, 17.50),
(10, 19, 22, DATE_SUB(CURDATE(), INTERVAL 10 DAY), 1300, 65, 32.50),
(10, 20, 23, DATE_SUB(CURDATE(), INTERVAL 11 DAY), 550, 25, 12.50),
(1, 21, 24, DATE_SUB(CURDATE(), INTERVAL 11 DAY), 2100, 160, 85.00),
(2, 22, 25, DATE_SUB(CURDATE(), INTERVAL 12 DAY), 1600, 90, 48.00),
(3, 23, 26, DATE_SUB(CURDATE(), INTERVAL 12 DAY), 650, 28, 14.00),
(4, 24, 27, DATE_SUB(CURDATE(), INTERVAL 13 DAY), 950, 45, 24.50),
(5, 25, 28, DATE_SUB(CURDATE(), INTERVAL 13 DAY), 1150, 60, 31.00),
(6, 26, 29, DATE_SUB(CURDATE(), INTERVAL 14 DAY), 1900, 130, 70.00),
(7, 27, 30, DATE_SUB(CURDATE(), INTERVAL 14 DAY), 750, 38, 19.50),
(8, 28, 1, DATE_SUB(CURDATE(), INTERVAL 15 DAY), 1400, 75, 41.00),
(9, 29, 2, DATE_SUB(CURDATE(), INTERVAL 15 DAY), 450, 18, 9.50),
(10, 30, 3, DATE_SUB(CURDATE(), INTERVAL 16 DAY), 2300, 190, 100.00),
(1, 1, 4, DATE_SUB(CURDATE(), INTERVAL 16 DAY), 350, 12, 6.00),
(2, 2, 5, DATE_SUB(CURDATE(), INTERVAL 17 DAY), 900, 48, 25.50),
(3, 3, 6, DATE_SUB(CURDATE(), INTERVAL 17 DAY), 1000, 55, 28.00),
(4, 4, 7, DATE_SUB(CURDATE(), INTERVAL 18 DAY), 2000, 150, 80.00),
(5, 5, 8, DATE_SUB(CURDATE(), INTERVAL 18 DAY), 800, 42, 22.50),
(6, 6, 9, DATE_SUB(CURDATE(), INTERVAL 19 DAY), 600, 25, 13.00),
(7, 7, 10, DATE_SUB(CURDATE(), INTERVAL 19 DAY), 1050, 52, 26.00),
(8, 8, 11, DATE_SUB(CURDATE(), INTERVAL 20 DAY), 820, 32, 16.00),
(9, 9, 12, DATE_SUB(CURDATE(), INTERVAL 20 DAY), 1250, 62, 31.00),
(10, 10, 13, DATE_SUB(CURDATE(), INTERVAL 21 DAY), 520, 22, 11.00),
(1, 11, 14, DATE_SUB(CURDATE(), INTERVAL 21 DAY), 2050, 155, 82.00),
(2, 12, 15, DATE_SUB(CURDATE(), INTERVAL 22 DAY), 1550, 85, 46.50),
(3, 13, 16, DATE_SUB(CURDATE(), INTERVAL 22 DAY), 620, 26, 13.00),
(4, 14, 17, DATE_SUB(CURDATE(), INTERVAL 23 DAY), 920, 42, 23.00),
(5, 15, 18, DATE_SUB(CURDATE(), INTERVAL 23 DAY), 1120, 58, 29.50),
(6, 16, 19, DATE_SUB(CURDATE(), INTERVAL 24 DAY), 1850, 125, 67.50),
(7, 17, 20, DATE_SUB(CURDATE(), INTERVAL 24 DAY), 720, 32, 16.50);